DISTRICT NAME,WARD No.,SCHOOL NAME,LATITUDE (Y),LONGITUDE (X)
Buhera,11,St. Albans Chiweshe,-19.2105092,31.8451017
Buhera,26,Mutepfe,-19.755362,31.9676641
Buhera,30,Gunura,-19.8608559,32.295507
Buhera,15,Madzivire Secondary School,-19.3129743,31.7136095
Buhera,10,Machacha,-19.1479113,31.6922427
Buhera,9,Chinhoro Primary School,-19.1135734,31.6973498
Buhera,5,Buhera High School,-19.3198663,31.4303284
Buhera,10,Hande,-19.119267,31.7480493
Buhera,23,Machira,-19.5020297,32.1221056
Buhera,29,Nechikova,-19.8919527,32.2388949
Buhera,30,Chako,-19.8274784,32.3527159
Buhera,12,St Anthony Madhewu,-19.1905804,32.0145641
Buhera,6,Munyira High,-19.3345714,31.4896511
Buhera,17,Mukono,-19.3402643,31.8086507
Buhera,8,St Benards Primary,-19.0731376,31.6307063
Buhera,5,Makumbe Primary School,-19.2552289,31.5378452
Buhera,21,Mukambirwa,-19.6176223,31.8585395
Buhera,15,Mudanda Secondary School,-19.3697592,31.7118168
Buhera,27,Dzaramba,-19.7023465,31.9729266
Buhera,10,St Michaels,-19.1190349,31.8284958
Buhera,21,Besira,-19.5828113,31.8286391
Buhera,22,Zvomwoyo Primary school,-19.4897011,31.9193707
Buhera,6,Nyanzira,-19.3027344,31.527208
Buhera,6,Mutasa,-19.3544083,31.541484
Buhera,22,Mafuruse Primary school,-19.5362185,31.9481825
Buhera,12,Chinhuwo,-19.2530714,31.9832017
Buhera,26,Mutepfe,-19.7715669,31.9492578
Buhera,32,Maneta,-19.4609053,31.8142469
Buhera,10,Hande,-19.119263,31.7479907
Buhera,25,Manjokota,-19.6530952,31.9933396
Buhera,7,Mombeyarara,-19.2004671,31.5963953
Buhera,9,ST Philips Mukamba,-19.0420876,31.7339098
Buhera,26,Imbi,-19.8227739,32.0236571
Buhera,15,Mudanda Primary,-19.3728337,31.7119149
Buhera,15,Ndongwe Secondary School,-19.2940339,31.8061427
Buhera,5,Gokoro Primary School,-19.1922171,31.5274213
Buhera,31,Mahoko,-19.095253,31.5819167
Buhera,1,Mudzamiri,-19.1369909,31.370499
Buhera,15,Chingozhoro,-19.3087241,31.7756587
Buhera,8,St Bensrds Secondary,-19.0707689,31.6268966
Buhera,29,Bhegedhe,-19.8349098,32.0826989
Buhera,16,Bika,-19.4346307,31.6900968
Buhera,32,Chimbudzi,-19.464357,31.777996
Buhera,1,Kuenda,-19.1351201,31.4331887
Buhera,9,Gunde Primary School,-19.0691272,31.6908438
Buhera,15,Madzivire Primary School,-19.3155215,31.7149891
Buhera,15,Ndongwe Primary School,-19.2856031,31.8212719
Buhera,27,Zumbie Ngomayiwisi,-19.7360548,32.0197336
Buhera,11,Moses The Profet,-19.1277868,31.8908571
Buhera,9,Holy Family Seacondary School,-19.0523317,31.773061
Buhera,27,Mutiusinazita,-19.7216252,32.0683291
Buhera,25,Zangama,-19.5558209,32.0991932
Buhera,29,Muchini,-19.8709182,32.1153766
Buhera,28,Murove,-19.6438165,32.068815
Buhera,3,Chatindo,-19.2174514,31.4385784
Buhera,8,Chiturike Primary,-19.1423565,31.6524678
Buhera,30,Gunura,-19.8495423,32.3075222
Buhera,25,Zangama,-19.5510748,32.0978007
Buhera,25,Romorehoto,-19.5608142,32.1804058
Buhera,16,Muteve,-19.4053361,31.5766433
Buhera,30,Nechishanyi,-19.7733824,32.307429
Buhera,2,Bere,-19.256964,31.259076
Buhera,11,St. Albans Chiweshe,-19.2120118,31.8403765
Buhera,24,Nyadi,-19.7044997,31.9141132
Buhera,26,Muchuva,-19.7766786,32.033405
Buhera,22,Muzirikazi Secondary school,-19.5412224,32.0109962
Buhera,23,Chirozva,-19.4788151,32.084819
Buhera,4,Cikuvire,-19.3402823,31.4054032
Buhera,24,Mushongwi,-19.6610506,31.9523046
Buhera,5,Buhera Village Primary School,-19.3296639,31.4412593
Buhera,29,Neshumba,-19.7457613,32.1981338
Buhera,13,Masocha,-19.2088101,31.7672913
Buhera,10,St Michaels,-19.1151608,31.8127383
Buhera,31,Chwatama,-19.1388649,31.59819
Buhera,9,Holy Family,-19.0612755,31.7908566
Buhera,19,Bangure,-19.5280443,31.7632062
Buhera,7,Ngombeyarara,-19.1989157,31.5998991
Buhera,22,Matereke Primary School,-19.479408,31.8577791
Buhera,5,Buhera Vocational Training Centre,-19.3309696,31.4390201
Buhera,18,Mumbijo,-19.322023,31.8824092
Buhera,24,Muzokomba,-19.6002717,31.949387
Buhera,32,Chimbudzi,-19.4563672,31.7635253
Buhera,21,Murwira,-19.5218934,31.8275237
Buhera,3,Gwebu,-19.2209113,31.3972851
Buhera,24,Muzokomba Government High,-19.5785729,31.9615898
Buhera,31,Ndawana,-19.1412759,31.5522556
Buhera,3,Ngundu,-19.2468833,31.4335284
Buhera,23,Kandenga,-19.4564774,32.0154387
Buhera,29,Chabata,-19.7922826,32.1537521
Buhera,24,Mukodza,-19.6565953,31.9707093
Buhera,20,Nhamo,-19.3271605,32.0563722
Buhera,5,Gosho Primary school,-19.1929831,31.4869775
Buhera,10,Hande,-19.1221868,31.7460122
Buhera,24,Nyadi Secondary,,
Buhera,33,Chiunga,-19.9569242,32.2550754
Buhera,4,Nerutanga,-19.2847705,31.3555298
Buhera,15,Kwarire Primary School,-19.2637085,31.7512283
Buhera,22,Gotora Secondary School,-19.5221809,31.8782575
Buhera,4,Nerutanga,-19.2866156,31.3633201
Buhera,10,St John Chifamba,-19.1601807,31.7527885
Buhera,13,Neshava,-19.2494959,31.6802889
Buhera,9,Gunde Secondary School,-19.066978,31.691177
Buhera,24,Zvekare,-19.5835783,31.912181
Buhera,22,Marambanyika Primary school,-19.4934764,31.9754715
Buhera,1,St George Mbundire,-19.1523397,31.3973746
Buhera,16,Nechavava,-19.4115046,31.6238905
Buhera,1,Madende,-19.1770652,31.414666
Buhera,8,Chirasauta Primary,-19.0436807,31.5995265
Buhera,12,Mavangwe,-19.2218826,31.894144
Buhera,5,Gute Primary School,-19.2332366,31.5378631
Buhera,6,Mutasa,,
Buhera,19,Nyamakute,-19.4568091,31.723513
Buhera,31,Mugwebhi,-19.1708882,31.5694357
Buhera,7,Mukondomi Primary,-19.1840071,31.6552455
Buhera,5,Makwiramiti Primary School,-19.2500393,31.4828729
Buhera,18,Nyashsnu Rcz,-19.2840291,31.8597416
Buhera,12,Mavangwe,-19.2222528,31.8918475
Buhera,21,Pedzisai,-19.6555528,31.8680441
Buhera,22,Muzirikazi Primary school,-19.5440411,31.9818292
Buhera,21,Mukambirwa,-19.6105436,31.8546992
Buhera,32,Chiurwi,-19.4401325,31.8574604
Buhera,32,Changamire,-19.3844801,31.916158
Buhera,32,Changamire,-19.3884649,31.9119211
Buhera,18,Mutauto Secondary  School,,
Buhera,18,Mutauto Primary  School,-19.3038061,31.9418032
Buhera,18,Nyashsnu,-19.2818527,31.8688882
Buhera,3,Gwebu,-19.2237857,31.3972219
Buhera,6,Matsveru,-19.3189365,31.5807778
Buhera,1,Mudzamiri,-19.1406244,31.3467019
Buhera,32,Chiurwi,-19.4365113,31.860629
Buhera,24,Matsakanure,-19.6341571,31.902938
Buhera,33,Kufakwatenzi,-19.9180376,32.2995277
Buhera,6,Mamunyadza High,-19.3345753,31.5596025
Buhera,29,Chabata,-19.792271,32.1537649
Buhera,29,Bhegedhe,-19.8322664,32.0953067
Buhera,23,Mupeza,-19.499087,32.0374113
Buhera,23,Chirozva,-19.4524446,32.1070515
Buhera,29,Nemadziva,-19.7716904,32.22462
Buhera,29,Nemadziva,-19.7638862,32.216866
Buhera,23,Machiragwama,-19.5055093,32.1219508
Buhera,20,Betera,-19.3742419,31.9993481
Buhera,26,Muchuwa,-19.7713563,32.0352653
Buhera,7,Mukondomi,-19.1852409,31.6592673
Buhera,28,Chapanduka,-19.6766534,32.163125
Buhera,20,Mutemera,-19.3788072,32.0362866
Buhera,5,Gosho Secondary School,-19.2002601,31.4884521
Buhera,19,Ndyarima,-19.5000027,31.7102361
Buhera,19,Ndyarima,-19.4980545,31.7099275
Buhera,20,Betera,-19.3891611,31.9631392
Buhera,28,Mangwadza,-19.6557568,32.2347525
Buhera,28,Dune,-19.6171444,32.2241243
Buhera,6,Munyira,-19.3337871,31.4910164
Buhera,33,Devuli  Primary   School,-19.9693429,32.3291418
Buhera,10,Nyamasanga,-19.1825147,31.807828
Buhera,19,Bangure,-19.5348581,31.7585473
Buhera,13,CHIPODZANA PRIMARY SCHOOL,-19.2380509,31.8091959
Buhera,22,Usavi Primary School,-19.5666429,31.8719864
Buhera,12,Mukwasi,-19.1941167,31.9404363
Buhera,28,Chapanduka,-19.6822206,32.1704445
Buhera,15,Mutunha Primary School,-19.345067,31.757545
Buhera,29,Nechikowa,-19.8955978,32.2314386
Buhera,19,Nyamakute,-19.4566945,31.7235659
Buhera,18,Mugombe,-19.2852038,32.017401
Buhera,30,Devuli,-19.9418911,32.3397072
Buhera,5,Makumbe High School,-19.2625653,31.5379937
Buhera,28,Mutendamambo,-19.6195394,32.1598037
Buhera,21,Murwira,-19.5232955,31.8283526
Buhera,25,Zvenyika,-19.597547,32.0174589
Buhera,33,Birchenough  Bridge  Primary  School,-19.94511,32.3100682
Buhera,25,Ngomayevise,-19.5869944,32.0713298
Buhera,22,Zvomwoyo Secondary school,-19.4867131,31.9332815
Buhera,22,Mutezo Primary School,-19.4372523,31.9715235
Buhera,5,Marume Primary School,-19.2895385,31.4480256
Buhera,12,Mukwasi,-19.195671,31.9403509
Buhera,29,Tapedzwa,-19.8504143,32.2111923
Buhera,16,Nechavava,-19.411597,31.6359397
Buhera,1,Zvembira,-19.1564065,31.4261214
Buhera,28,Murove,-19.6381988,32.0703647
Buhera,12,Chinhuwo,-19.2481952,31.9857281
Buhera,7,Murambinda Government,-19.2620209,31.6541557
Buhera,31,Chawatama,-19.140735,31.5994005
Buhera,7,Rose Junior,-19.2562906,31.6543875
Buhera,5,Madende Satellite School,-19.270229,31.399866
Buhera,29,Chabata,-19.790358,32.1578247
Buhera,24,Mabhoko,-19.6921309,31.8751109
Buhera,23,Kandenga,-19.4560993,32.0193752
Buhera,28,Jori,-19.6897455,32.1239256
Buhera,11,Rupfunde,-19.1558565,31.9489495
Buhera,24,MATSAKANURE Primary school,-19.6334307,31.9074991
Buhera,10,St Johns Chifamba,-19.1598559,31.7513615
Buhera,27,Chimombe,-19.6839108,32.0252757
Buhera,11,Moses The Profet,-19.1365851,31.8876942
Buhera,28,Barura,-19.699587,32.0847596
Buhera,25,Romorehoto,-19.5608386,32.184201
Buhera,7,Chikwekwete,-19.2514733,31.6351007
Buhera,27,Nehumambi,-19.7552612,32.1169495
Buhera,16,Bika,-19.4375237,31.6850739
Buhera,20,Chihera,-19.3405328,32.0085398
Buhera,8,Chiteshe Secondary,-19.1535872,31.6672165
Buhera,22,Gotora Primary school,-19.5226219,31.8760586
Buhera,5,Makanda Primary School,-19.3587727,31.4562317
Chimanimani,5,God`s Favour Pre-School,-19.7172778,32.4271997
Chimanimani,12,Charleswood,-19.7859088,32.9514857
Chimanimani,22,Muchadziya,-20.0232691,32.9355463
Chimanimani,12,Tarka,-19.9172047,32.8932583
Chimanimani,4,Nhedziwa High School,-19.5572644,32.6484635
Chimanimani,5,Nemaramba Primary,-19.7149334,32.4643888
Chimanimani,21,Ndakopa Primary,-20.0463821,32.8732809
Chimanimani,11,Martin,-19.765183,32.9263931
Chimanimani,4,Matendeudze,-19.5531454,32.6510004
Chimanimani,17,Nyamusundu Primary,-19.8398816,32.7369434
Chimanimani,16,Dzingire Pri Sch,-20.0433414,32.8464744
Chimanimani,10,Mukombiwani Sec  School,-19.7133741,32.9377667
Chimanimani,9,Zimunda Primary School,-19.766288,32.654642
Chimanimani,5,Hot Springs Primary,-19.6483319,32.4735178
Chimanimani,5,Church Of Christ Preschool,-19.6509052,32.4720319
Chimanimani,12,Tilbury Primary,-19.879275,32.9749151
Chimanimani,19,Makandwa Primary Shcool,-19.9043736,32.531349
Chimanimani,18,Mhakwe Secondary,-19.814263,32.6299707
Chimanimani,11,Hangani,-19.7184794,32.8437691
Chimanimani,22,Vhimba,-20.0353338,32.9777972
Chimanimani,22,Hlabiso Secondary School,-20.0244918,32.9203417
Chimanimani,4,Chiramba,-19.5718964,32.6109133
Chimanimani,22,Hlabiso,-20.0311952,32.9075605
Chimanimani,20,Changazi Primary School,-19.931673,32.4578917
Chimanimani,9,Takaengwa Primary School,-19.7649903,32.559198
Chimanimani,2,Mhandarume secondary schoo,,
Chimanimani,3,Chakohwa,-19.5651604,32.5109665
Chimanimani,16,Albany Prim Sch,-20.0009692,32.8156377
Chimanimani,10,Chikukwa Primary  School,-19.7137978,32.9296385
Chimanimani,6,Jerusalem Cretch,-19.7251518,32.6055824
Chimanimani,20,Gudyanga SECONDARY,-19.8882594,32.4425179
Chimanimani,4,Matendeudze,-19.5531566,32.6508474
Chimanimani,16,Tiya Sec Sch,-19.8775075,32.7120664
Chimanimani,18,Mhakwe Primary,-19.8139133,32.6272836
Chimanimani,17,Biriiri High School,-19.8042552,32.7064908
Chimanimani,6,Dokotoko,-19.6540465,32.5320471
Chimanimani,8,Nyanyadzi Secondary School,-19.7802398,32.4327831
Chimanimani,6,Mhizha Cretch,-19.6434389,32.5668856
Chimanimani,7,Bumba,-19.6540654,32.6321701
Chimanimani,7,Bumba,,
Chimanimani,4,Mutambara Reserve,-19.5427835,32.6898195
Chimanimani,3,Nechitima,-19.5924699,32.5516571
Chimanimani,23,Ndieme School,-20.0955565,32.8809609
Chimanimani,4,Guhune,-19.543027,32.7054438
Chimanimani,3,Chakohwa,-19.5435226,32.5187462
Chimanimani,8,Nyanyadzi Training Centre,-19.756777,32.4239088
Chimanimani,20,Tonhorai Primary School,-19.9361685,32.3757594
Chimanimani,3,Chaseyama,-19.6078109,32.5025061
Chimanimani,4,Chiramba,-19.5718816,32.6109443
Chimanimani,4,Child Care Centre,-19.5592294,32.6507176
Chimanimani,8,St Patricks Mission Secondary School,-19.7607313,32.4386247
Chimanimani,4,Ruwadzano UMC,-19.5561625,32.6505835
Chimanimani,8,St Patricks Mission Primary School,-19.7604756,32.4402991
Chimanimani,20,Sailing Eagle^s Pre-school,-19.8269501,32.4129453
Chimanimani,5,Nenohwe Primary,-19.73258,32.4317897
Chimanimani,20,Mumera PRE SCHOOL,-19.8803996,32.3996681
Chimanimani,6,Chayamiti,-19.66818,32.5569252
Chimanimani,6,Chayamiti,-19.6684644,32.5605572
Chimanimani,1,Tabanchu Pry Sch,-19.5359124,32.7554918
Chimanimani,23,Mutsvangwa Primsry,-20.0778861,32.9128265
Chimanimani,23,Demeni  Primary,-20.0910081,32.9244467
Chimanimani,23,Mutsvangwa Secondary,-20.0679138,32.9113463
Chimanimani,21,Hode Primary,-20.0307526,32.8638578
Chimanimani,21,Rusitu  Mission,-20.0340173,32.8653103
Chimanimani,5,Hot Springs Secondary,-19.6567118,32.4676906
Chimanimani,19,Ndapetwa Primary Shcool,-19.8443811,32.5900708
Chimanimani,19,Chikwizi Prmary School,-19.8321248,32.514741
Chimanimani,8,Chitinha Primary School,-19.7471679,32.4520863
Chimanimani,16,Merrywaters Prim Sch,-20.0319832,32.7258696
Chimanimani,7,MUTSAMVU,-19.7194542,32.6321515
Chimanimani,7,MUTSAMVU,-19.71941,32.6322505
Chimanimani,8,Dirikwe Primary School,-19.793439,32.4091103
Chimanimani,16,Tiya Pri Sch,-19.8791985,32.7100394
Chimanimani,14,WestwardHo!,-19.9056096,32.7919819
Chimanimani,23,Ndima Primary,-20.0678458,32.8731535
Chimanimani,17,Biriwiri Primary,-19.8064849,32.7050639
Chimanimani,20,Gudyanga,-19.8606194,32.3993169
Chimanimani,20,Edwart Pre School,-19.860599,32.4086218
Chimanimani,8,Nyanyadzi Primary School,-19.776612,32.4211667
Chimanimani,21,Ndima,-20.0535856,32.8598526
Chimanimani,17,St . Charles Luwanga Seminary Mission,-19.8659235,32.721047
Chimanimani,1,Nyambeya,-19.4881847,32.6855186
Chimanimani,1,Mutambara High School,-19.5318128,32.6905059
Chimanimani,17,Muusha,-19.8442801,32.7048096
Chimanimani,19,Chikwakwa Primary,-19.8504905,32.5529899
Chimanimani,6,Shinja,-19.7464473,32.5906361
Chimanimani,1,Mutambara Cps,-19.5308701,32.6892117
Chimanimani,4,Mutambara Reserve Primary,-19.5427645,32.6898226
Chimanimani,19,Chikwakwa Secondary School,-19.852639,32.5496147
Chimanimani,6,Chinotumenyere,-19.7443645,32.5922703
Chipinge,1,Bangwe,-19.9652227,32.4485332
Chipinge,2,NGAONE HIGH,-19.9839654,32.5793411
Chipinge,21,Rimbi,-20.5488314,32.3911115
Chipinge,16,Kondo Primary School,-20.3977163,32.3902168
Chipinge,17,Rebai Primary School.,-20.4176402,32.4736735
Chipinge,17,Shekwa Primary School,-20.3863083,32.527836
Chipinge,9,Paidamoyo Primary,-20.1119701,32.807149
Chipinge,2,Pfitsaro Primary,-19.9514945,32.5392841
Chipinge,6,Rutengeni Primary School,-20.1140912,32.5229598
Chipinge,28,Garahwa B Mabee,-20.9007429,32.4844051
Chipinge,14,Southdown Primary School,-20.2719546,32.863095
Chipinge,27,Chitepo Primary School,-20.9902903,32.1677285
Chipinge,28,Chinyamukwakwa,-20.9157444,32.349171
Chipinge,12,Chiriga Primary,-20.2765581,32.6074566
Chipinge,2,Ngaone Toti,-20.0369116,32.5486496
Chipinge,16,Dzika Primary School,-20.4386457,32.4377616
Chipinge,17,Nyagadza Primary School,-20.5214123,32.48497
Chipinge,9,Mayfield Secondary school,-20.1282777,32.8402307
Chipinge,5,Chipangai High Schoo,-20.2448094,32.3924477
Chipinge,7,Chivhunze Primary,-20.1786765,32.7318853
Chipinge,12,Nyaututu Primary,-20.3136002,32.5599168
Chipinge,1,Maunganidze,-19.9732217,32.39773
Chipinge,10,CHIVHUNZE,-20.1967692,32.713246
Chipinge,29,Maparadze,-21.0709122,32.2761756
Chipinge,19,Dimire Valley,-20.4498998,32.7156268
Chipinge,14,Mapungwana Primary School,-20.3210796,32.7688461
Chipinge,8,Ratelshoek Secondary school,-20.2607874,32.8087417
Chipinge,17,Big Tree Primary School,-20.4345378,32.4959448
Chipinge,12,Tashinga  Primary,-20.2976604,32.6605402
Chipinge,17,Meadowlands Secondary School,-20.4694071,32.5195661
Chipinge,18,Tafara Primary,-20.4640228,32.5770451
Chipinge,23,Uganda Martyrs Secondary,-20.7020244,32.4621441
Chipinge,28,Makoho,-20.9776176,32.4561668
Chipinge,19,Beacon Hill,-20.4850804,32.7063985
Chipinge,14,Mapungwana Secondary School,-20.3215408,32.7657735
Chipinge,3,Nyunga,-20.0194742,32.3881444
Chipinge,10,Heilrand,-20.2174486,32.7216007
Chipinge,27,Vheneka Secondary School,-20.9335959,32.1475111
Chipinge,3,NyamureMudzimwa,-20.1294735,32.392839
Chipinge,19,Jersey High School,-20.5165395,32.6911711
Chipinge,28,Garahwa,-20.9385267,32.423959
Chipinge,22,Manzvire Secondary School,-20.6492121,32.3411034
Chipinge,1,Chipinda Secondary School,-19.9918247,32.4421877
Chipinge,17,Munoirirwa Primary School,-20.3352569,32.6048941
Chipinge,17,Shekwa Secondary School,-20.3865329,32.5297247
Chipinge,18,Musirizwi Primary School,-20.4113703,32.5897525
Chipinge,27,Vheneka Primary School,-20.9362223,32.1482458
Chipinge,4,Musani,-20.0800949,32.4167905
Chipinge,2,Shezhu Centre,-20.0626559,32.5608496
Chipinge,19,Chimana Secondary,-20.3784292,32.7112738
Chipinge,11,Madziwa Secondary School,-20.2502559,32.6604531
Chipinge,28,Garahwa,-20.9365836,32.4200856
Chipinge,17,Chinaa Primary School,-20.4077356,32.5113538
Chipinge,17,Chinaa High School,-20.4105631,32.4928592
Chipinge,28,Mashubi Prinary,-20.9837941,32.3835481
Chipinge,2,NGAONE Primary,-19.9894661,32.5793352
Chipinge,8,Junction Gate Primary,-20.1585753,32.784025
Chipinge,13,Greenvalley,-20.3531223,32.650731
Chipinge,8,Ratelshoek Primary School,-20.2394562,32.8092854
Chipinge,18,Meadowlands Secondary School,-20.4694074,32.5195444
Chipinge,3,Goko high School,-19.9772123,32.3557164
Chipinge,14,Rest Camp,-20.3174521,32.7968898
Chipinge,9,Mafumise Primary School,-20.1269853,32.8404122
Chipinge,19,Emerald Secondary,-20.4452678,32.6622688
Chipinge,19,Emerald Primary,-20.4446282,32.6637662
Chipinge,16,Maronga Primary School,-20.3940087,32.3113551
Chipinge,11,Charurwa  Primary,-20.2493679,32.5403111
Chipinge,5,Little Learners Infant School,-20.246369,32.400846
Chipinge,2,Chichichi Primary,-20.0034415,32.6072102
Chipinge,28,Marega,-20.8958005,32.4066765
Chipinge,17,Bangira Primary School,-20.4641434,32.5241952
Chipinge,17,Chikore High School,-20.4377478,32.4904975
Chipinge,16,Musapingura,-20.3965625,32.3516262
Chipinge,19,Chimana Primary,-20.3830841,32.7257872
Chipinge,7,Clearwater Secondary School,-20.1118458,32.7311108
Chipinge,8,Foroma Primary School,-20.1963432,32.8308534
Chipinge,8,Mugiyo Primary School,-20.177149,32.8289432
Chipinge,29,Chisuma,-21.0571119,32.3584145
Chipinge,26,Machona Pry,-20.8707372,32.1714072
Chipinge,26,Takwirira Secondary School,-20.8328597,32.1961895
Chipinge,29,Maparadze,-21.0748113,32.2742712
Chipinge,24,Alpha Makwambeni,-20.7544406,32.236434
Chipinge,26,Munepasi  Pry School,-20.8367295,32.3346482
Chipinge,24,Checheche,-20.7629879,32.2354745
Chipinge,24,Mahachi,-20.7616715,32.2375064
Chipinge,5,Bwerudza Primary School,-20.1705962,32.3862772
Chipinge,29,Rufaro,-21.0321757,32.3341767
Chipinge,29,Chikonwe,-20.9942381,32.2844068
Chipinge,6,Christina Primary School,-20.0711476,32.6835735
Chipinge,23,Mananzvo ECD Centre,-20.5819751,32.4490319
Chipinge,6,Sterkstroom Secondary School,-20.0627367,32.726982
Chipinge,26,Cnisumbanje  Pry,-20.8250394,32.2020481
Chipinge,16,Sakuinje,-20.3612379,32.4870469
Chipinge,28,Mabee,-20.9067539,32.4876682
Chipinge,3,Mutema,-20.134849,32.3631917
Chipinge,7,Clearwter Primary,-20.1102605,32.7285571
Chipinge,23,Muumbe,-20.6512347,32.4473622
Chipinge,4,Birirano,-20.0701875,32.5263341
Chipinge,2,Nhambura ECD,-20.0124242,32.5547514
Chipinge,18,Musirizwi Secondary School,-20.4283606,32.585149
Chipinge,22,Gumira Primary School,-20.6001701,32.2775152
Chipinge,12,Charurwa  Primary,-20.2492841,32.5403305
Chipinge,23,Matsuro,-20.6427526,32.4067733
Chipinge,3,Goko,-19.9884886,32.346977
Chipinge,23,Nyazvikari,-20.5897042,32.4297416
Chipinge,30,Mahenye  Secondary School,-21.2538402,32.3956713
Chipinge,24,Checheche,-20.7634062,32.2255972
Chipinge,24,Madhuku,-20.7193376,32.3715564
Chipinge,24,St Peters Gokomere,-20.772748,32.2159236
Chipinge,3,Charuma,-20.0408358,32.3514266
Chipinge,14,Nyamadzi Primary School,-20.3500428,32.7643698
Chipinge,6,Singizi Secondary School,-20.154984,32.6655409
Chipinge,29,Mutandahwe High,-21.0150651,32.1907561
Chipinge,3,Manesa,-20.0997451,32.352404
Chipinge,3,Mutema primary school,-20.1340268,32.3639352
Chipinge,6,Mooiplaats B PRIMARY SCHOOL,-20.1517266,32.6663609
Chipinge,29,Mutandahwe,-21.008592,32.1956506
Chipinge,24,Mawanyisa,-20.7703564,32.2945563
Chipinge,2,Musee Primary,-20.0168085,32.6295711
Chipinge,22,Matezwa Primary School,-20.5989492,32.3656803
Chipinge,24,Madhuku,-20.7236765,32.3656081
Chipinge,2,Samhutsa Primary New Site,-20.0559556,32.6015638
Chipinge,21,Rimbi,-20.5429288,32.3904838
Chipinge,2,Samhutsa Primary old  Site,-20.0708943,32.5915878
Chipinge,30,Mahenye Primary School,-21.2684411,32.404696
Chipinge,16,Mwacheta Primary,-20.432009,32.3671503
Chipinge,12,Nyaututu Secondary,-20.3119213,32.5623208
Chipinge,16,Mwacheta Secondary School,-20.4296353,32.3752555
Chipinge,26,Matikwa Pry Sch,-20.8115559,32.2756697
Chipinge,22,Chisavanye Primary School,-20.6582626,32.2766993
Chipinge,19,Beacon Hill High,-20.483948,32.7056759
Chipinge,19,Jersey Primary,-20.526065,32.6767668
Chipinge,29,Chisuma,-21.0548465,32.3623306
Chipinge,13,Mapote Primary,-20.3154928,32.7195525
Chipinge,23,Guyo Primary,-20.7247139,32.4109223
Chipinge,25,HAKWATA PRIMARY,-20.8290842,32.4570943
Chipinge,19,Mt Selinda Primary School,-20.4231763,32.7091225
Chipinge,19,Mt Selinda High,-20.4236862,32.708139
Chipinge,13,Grass flats,-20.3431112,32.6506355
Chipinge,9,Mafumise High,-20.1142494,32.8063895
Chipinge,19,Zona Primary School,-20.4424501,32.7304271
Chipinge,23,Muumbe,-20.6592159,32.4478451
Chipinge,19,Zona Secondary  High,-20.4301123,32.7489818
Chipinge,28,Chinyamukwakwa,-20.9208447,32.3600449
Chipinge,2,Kwaedza Pre-school,-19.9505355,32.5793405
Chipinge,14,Nyagwama ECD Centre,-20.3218998,32.8155139
Chipinge,5,Sabi Valley Primary School,-20.2321802,32.3776049
Chipinge,2,SAMHUTSA High,-20.0470628,32.6056081
Chipinge,17,Muswera Sec School,-20.3376172,32.6033207
Chipinge,9,Rusitu Valley /Maundwa Primary School,-20.078593,32.8066481
Chipinge,24,Mabhiza,-20.7200959,32.2786658
Chipinge,22,Mukuyu Preschool,-20.6766612,32.3399033
Chipinge,19,Mzila Primary (Hourtburg),-20.395694,32.6759983
Chipinge,24,Gutika Academy,-20.7298121,32.2551011
Chipinge,4,Musani,-20.0502149,32.4309328
Chipinge,6,Rutengeni Secondary School,-20.1126947,32.5221546
Chipinge,4,Gideon Mhlanga,-20.1176817,32.4084472
Chipinge,22,Manzvire Primary School,-20.65409,32.3353105
Chipinge,9,Ndiadzo,-20.0768246,32.8412469
Chipinge,15,Mugondi Primary School,-20.5364119,32.5311734
Chipinge,4,Tanganda Primary,-20.1109756,32.4490533
Chipinge,8,Marirangwe Secondary school,-20.212391,32.8005102
Chipinge,23,Zamchiya Primary School,-20.7036068,32.4683796
Chipinge,8,Simudza Primary School,-20.192673,32.7999235
Chipinge,14,Tamandai Secondary  School,-20.3070285,32.8361448
Chipinge,14,Tamandai Primary School,-20.3059809,32.834543
Makoni,3,Dehwe Primary,-18.0074614,32.3886707
Makoni,3,Mugoti High,-17.9134638,32.4578343
Makoni,3,Chapwanya  Primary,-18.0016106,32.4258325
Makoni,3,Tsikada,-17.9796456,32.4825114
Makoni,3,St Michael`s Mugoti,-17.9053539,32.4482443
Makoni,3,Dewerwi,-17.8663096,32.4901347
Makoni,3,Muchakata,-17.8259778,32.4609925
Makoni,3,Dehwe Secondary,-18.00536,32.3950433
Makoni,3,Nyahowe,-17.9308709,32.4026506
Makoni,24,Chamakumbu,-18.7192515,31.8636293
Makoni,24,Mupfumi,-18.6619564,31.8321301
Makoni,24,Chemarima,-18.6709935,31.8240648
Makoni,24,Nerwande,-18.7157311,31.8557278
Makoni,24,Mapfuwa,-18.7454287,31.9032558
Makoni,9,Nyawaro Primary School,-18.0527617,32.4582235
Makoni,31,Nyadzonya,-19.0158851,32.1017272
Makoni,1,Nemanje Primary School,-17.6785241,32.5112656
Makoni,36,Kufa Primary School,-17.8275036,32.5594878
Makoni,5,Chiedambuya,-18.0291226,32.1597158
Makoni,23,Majakwara School,-18.7155822,32.3992744
Makoni,26,Ruhwerimwe Secondary School,-18.764539,32.0524435
Makoni,31,Chidamunyu,-19.0060709,32.0199872
Makoni,18,Chirimutsitu,-18.6169271,32.2687712
Makoni,7,Mugadza Primary,-18.214397,32.1507354
Makoni,22,Rugoi School,-18.6242308,32.392987
Makoni,7,Tafadzwa Primary School,-18.2150432,32.0911312
Makoni,26,Ruwombwe Secondary,-18.7238696,32.1007832
Makoni,7,Kubatana Primary,-18.1685662,32.1007863
Makoni,37,Karori Primary School,-18.3364249,31.9244904
Makoni,27,Handina Secondary School,-18.8247252,32.0961679
Makoni,18,Musaringo,-18.6693365,32.3572962
Makoni,10,Kriste Mambo,-18.3996779,32.4385249
Makoni,23,Gandanzara School,-18.6727947,32.437589
Makoni,26,Kadzunge,-18.7652381,32.032267
Makoni,22,St Killians Primary,-18.6122142,32.4145078
Makoni,23,Chinyama  Prim Sch,-18.6935758,32.3805335
Makoni,15,Zindoga,-18.6143664,31.978273
Makoni,15,Manonga,-18.6368547,32.0020238
Makoni,5,Muondozi,-18.0306387,32.1106342
Makoni,15,Bvekerwa,-18.6103052,31.9404229
Makoni,16,Muziti,-18.6494392,32.1140081
Makoni,7,Chinyudze Secondary,-18.1868648,32.2038456
Makoni,29,St Peters Tokoyo Primary,-18.8728727,32.0425372
Makoni,34,Nehumba Primary School,,
Makoni,15,St.Theresa Primary School,-18.5781018,31.9168947
Makoni,14,Chizawana Primary School,-18.590657,31.7764205
Makoni,9,Nheta Primary School,-18.0069015,32.5454532
Makoni,9,Datata Primary school,-18.1625339,32.3406119
Makoni,2,Nyamazira,-17.7815919,32.3587881
Makoni,5,Chingozi,-17.9990567,32.1837375
Makoni,6,Yorkshire Secondary,-18.3050287,32.1086736
Makoni,1,Nyamuronda Sec School,-17.6247331,32.5048428
Makoni,23,Chin`ono School,-18.6692329,32.4044342
Makoni,16,Tsindi Secondary,-18.6280951,32.0429918
Makoni,26,Toriro,-18.7137065,32.0707616
Makoni,9,MAKARA PRIMARY SCHOOL,-18.0766357,32.5059704
Makoni,36,Nyamombe Sec,-17.8263882,32.5638995
Makoni,31,Chidamunyu,-18.9996441,32.0195811
Makoni,7,Pfumoiguru Primary,-18.1302725,32.2128563
Makoni,6,Wenslydale,-18.0984589,32.0572951
Makoni,22,St Killians High School,-18.6112466,32.4126782
Makoni,26,Chinembiri,-18.7272958,32.0314128
Makoni,3,Murindashaka,-17.8207391,32.4897619
Makoni,31,Nzvimbe,-19.0643415,32.0495606
Makoni,17,Mupingo High School,-18.6808146,32.1558404
Makoni,17,Table lands Primary School,-18.7289544,32.2736875
Makoni,17,Mwenje Primary School,-18.8701517,32.2009065
Makoni,17,NYAZURA MISSION SEC SCHOOL,-18.7678514,32.224839
Makoni,17,Quaggakloof Primary School,-18.6856087,32.312585
Makoni,17,Fokington Primary School,-18.6749598,32.1605463
Makoni,17,MAVHUDZI Sec School,-18.7239382,32.1442735
Makoni,17,Nyazura Mission Primary School,-18.7677629,32.223517
Makoni,17,Gorubi   Springs Primary School,-18.6677171,32.2345095
Makoni,2,Nyamazira Primary,-17.7822704,32.3540705
Makoni,26,St Jones  Mupanguri,-18.6992514,32.1076409
Makoni,14,Dewedzo High School,-18.5601408,31.8235284
Makoni,30,Chikobvore Secondary,-18.9025467,32.1510754
Makoni,36,Rumano Primary School,-17.8692064,32.5560019
Makoni,16,Muziti,-18.6497785,32.1140334
Makoni,12,Tandi St Columbus Primary,-18.5434139,32.0319654
Makoni,7,Sherenje Secondary,-18.138588,32.1432967
Makoni,14,Mutoko Primary School,-18.6172331,31.8041755
Makoni,5,Manhuwa,-17.9508154,32.1704608
Makoni,5,Magura,-17.9966003,32.1239959
Makoni,16,Gunda,-18.5991424,32.0524443
Makoni,36,Dewerwi Secondary School,-17.8568364,32.4948656
Makoni,15,Katsenga,-18.726607,31.9913103
Makoni,1,Chikore Primary School,-17.7137914,32.4931632
Makoni,9,Danha Secondary school,-18.1120837,32.4107465
Makoni,18,Zuze,-18.658332,32.3074882
Makoni,38,Lawrence Dale,-18.3762277,32.1324151
Makoni,23,Gwidza School,-18.6560831,32.4234144
Makoni,38,St Joseph,-18.5462393,32.1040983
Makoni,38,St Joseph,-18.5432887,32.1049178
Makoni,23,Chikuruwo School,-18.7039278,32.4244271
Makoni,23,Dope,-18.7150702,32.4398276
Makoni,23,Chinyamahumba Primary School,-18.7463551,32.4476506
Makoni,20,Epiphany Primary School,-18.434956,32.2488991
Makoni,20,Mangunda Primary School,-18.5091761,32.2841598
Makoni,34,Zambara Primary School,,
Makoni,34,Zambara Secondary School,,
Makoni,34,Nehumba Secondary School,,
Makoni,20,Madziwa St Andrew Primary School,-18.4141356,32.3612368
Makoni,20,Nyakwima Primary School,-18.4417998,32.3573406
Makoni,20,Mawango Primary School,-18.435356,32.4036157
Makoni,20,Nyahukwe  Primary School,-18.4632021,32.3155915
Makoni,20,Nyahukwe  Secondary School,-18.4617484,32.3061615
Makoni,29,Nyamidzi,-18.925655,32.0907958
Makoni,29,Nyamanhindi,-18.9295305,32.0574315
Makoni,29,Chitenderano,-18.9341105,32.0898945
Makoni,10,Dumbamwe,-18.4191102,32.3785804
Makoni,10,Domborembizi School,-18.3701041,32.3662012
Makoni,10,St Cassian,-18.3248812,32.398147
Makoni,10,Nemaire,-18.2947216,32.3858151
Makoni,31,Nzvimbe,-19.0681182,32.0486722
Makoni,16,ST Bartholomew Chiware,-18.6646925,32.0329369
Makoni,12,Chiundu High School,-18.5625082,32.0128735
Makoni,37,Greenvale,-18.2685276,31.8718287
Makoni,37,Batanai Primary school,-18.2855298,31.8817545
Makoni,1,Chikore Sec School,-17.7141268,32.5039616
Makoni,27,Denzva Primary School,-18.8246425,32.057909
Makoni,1,Nyamuronda Primary School,-17.6290427,32.5012325
Makoni,31,Nyadzonya,-19.0123167,32.1004738
Makoni,14,Maungwe Primary school,-18.5623085,31.8186091
Makoni,26,Chakuma  Primary  School,-18.7516177,32.1197825
Makoni,27,Mahere Primary School,-18.7901269,32.1527823
Makoni,5,Magura,-17.9951818,32.1224847
Makoni,14,Chimuduro Primary School,-18.60256,31.8440756
Makoni,5,Mukute,-17.9582878,32.1355232
Makoni,27,Rukweza High School,-18.7970544,32.0921799
Makoni,27,Rukweza Primary School,-18.7907397,32.0919361
Makoni,6,St Benedict,-18.0316741,32.0974896
Makoni,11,Manda Primary School,-18.5952595,32.1856321
Makoni,6,Step Ahead  Private,-18.1401563,32.0478399
Makoni,11,Chitora Primary School,-18.3717498,32.2457887
Makoni,15,.St. Theresa SECONDARY School,-18.5791335,31.9181031
Makoni,15,Katsenga Secondary,-18.7197956,32.0068337
Makoni,37,Budiriro,-18.3860603,31.9364345
Makoni,15,Nyahonye,-18.6480355,31.9425698
Makoni,18,Zurura,-18.6617207,32.3470053
Makoni,39,Nyahawa,-18.6267337,31.8723105
Makoni,11,Zimati,-18.6148457,32.1483901
Makoni,36,Mhandambiri Prymary School,-17.9246291,32.4894942
Makoni,22,Haisoswi Secondary,-18.5958307,32.3582233
Makoni,37,Monte Cassino Girls High,-18.1896719,31.8803125
Makoni,22,Haisoswi Primary,-18.5966062,32.3561688
Makoni,5,Tsaira,-18.0878121,32.2092527
Makoni,9,Chinhenga Secondary school,-18.0472243,32.496837
Makoni,26,Gurure  Primary  School,-18.7651263,32.0747308
Makoni,9,Tsikada Secondary school,-18.0120381,32.4997762
Makoni,5,Tazvinzwa,-18.0820934,32.2328258
Makoni,5,MUPURURU,-18.075358,32.1886396
Makoni,27,Mbiriri Primary School,-18.8708916,32.0914574
Makoni,39,Madzingidzi,-18.6070427,31.8912141
Makoni,30,Sharara  Secondary,-18.9766937,32.1327664
Makoni,30,Sharara Primary,-18.9765038,32.1478219
Makoni,37,Wakanaka,-18.3947662,31.8853983
Makoni,11,Dekwende,-18.4556714,32.2032323
Makoni,2,Manyere,-17.7304383,32.3751867
Makoni,2,Ngwena,-17.8430579,32.3718886
Makoni,11,Woodlands Primary,-18.4217632,32.1931703
Makoni,4,Maruma,-17.9249594,32.3540126
Makoni,39,Mutendebvure,-18.62892,31.8687931
Makoni,9,Gowakowa Primary School,-18.0616096,32.3514949
Makoni,9,Nyahava Primary school,-18.1051905,32.4092858
Makoni,9,Chinhenga Primary School,-18.0321286,32.5031505
Makoni,9,Gowakowa Secondary School,-18.0814134,32.3363704
Makoni,18,Gwasira,-18.6571335,32.3207744
Makoni,30,Mavhezha Primary,-18.9113311,32.1129149
Makoni,37,St Martins,-18.4602057,31.8809547
Makoni,37,Budiriro,-18.3888108,31.9358443
Makoni,37,Workfield Primary,-18.4278972,31.9187377
Makoni,21,Ringanai,-18.5445161,32.4358783
Makoni,5,Chigudu,-18.0537288,32.1785222
Makoni,19,Mukuwapasi Primary School,-18.5782819,32.2751695
Makoni,21,Bembwe,-18.5557658,32.427893
Makoni,19,St Faith High School,-18.4880963,32.2199771
Makoni,7,Nyamukamani Secondary,-18.0915945,32.1602949
Makoni,7,Nyamukamani  Primary,-18.0981646,32.1640209
Makoni,19,St Faith Primary School,-18.4902645,32.2136689
Makoni,7,Tafadzwa Secondary school,-18.2003911,32.0965486
Makoni,2,Masokosa,-17.8209174,32.3117249
Makoni,27,Handina Primary School,-18.8252718,32.0951409
Makoni,16,Chinyadza,-18.6610811,32.0124002
Makoni,16,Muvhimwa Primary,-18.7007005,32.0246814
Makoni,15,Chiwetu Primary,-18.6651471,31.9743906
Makoni,10,Chitungwiza Secondary school,-18.3686623,32.3078351
Makoni,10,Chitungwiza Primary School,-18.3690769,32.3095357
Makoni,1,Chitsiwa,-17.6673583,32.4897491
Makoni,5,Rongwe,-18.025639,32.156529
Makoni,16,Dzvairo Primary,-18.6636077,32.0657734
Makoni,7,Sherenje Primary,-18.1455317,32.1466138
Makoni,28,Mukamba Primary,,
Makoni,39,Chiunya,-18.5218202,31.8924261
Makoni,29,Dumba,-18.9450871,32.0340025
Makoni,11,Manda B Creche,-18.5933776,32.2273659
Makoni,7,Chinyudze Primary,-18.1902212,32.1997423
Makoni,10,Bingaguru,-18.2088232,32.3776067
Makoni,29,Nyamatendera Secondary School,-18.9243819,32.0331335
Makoni,10,Bingaguru,-18.2141421,32.3776221
Makoni,6,Yorkshire Primary,-18.3177728,32.1296873
Makoni,12,Chitsva Primary School,-18.5618437,31.9621252
Makoni,29,Mutungagore Secondary,-18.8725746,32.0461318
Makoni,39,Tswatswa St Bedes,-18.5470196,31.8655967
Makoni,13,Gwangwadza,-18.5155637,31.8039044
Makoni,6,Mt Carmel,-18.2724887,32.0482656
Makoni,30,Chikobvore Primary,-18.9015378,32.1531393
Makoni,18,St John Apostels,-18.6088352,32.265776
Makoni,28,mayanhire Primary,,
Makoni,12,Shangwe Primary School,-18.4788901,32.0400066
Makoni,28,mukamba secondary,,
Makoni,21,Ndingi Primary School,-18.5501689,32.3431351
Makoni,8,Chimwanzou Primary School,-18.0882199,32.3064601
Makoni,19,St Lukes Makoni Primary,-18.5483184,32.2930339
Makoni,8,Inyatimine High School,-18.2261835,32.2686131
Makoni,21,Chikunguru Primary School,-18.5208115,32.3706776
Makoni,12,Chironga Primary School,-18.5052209,31.981181
Makoni,12,Chinyamandana Secondary School,-18.5052648,31.9803363
Makoni,27,Mahere Secondary,-18.7932695,32.1527543
Mutare,22,Himalaya,-19.3733088,32.7525644
Mutare,22,Himalaya,-19.3496954,32.7484712
Mutare,22,Chipendeke,-19.3254065,32.7050237
Mutare,11,Mushunje Primary School,-19.1662644,32.4270068
Mutare,4,Nyika,-19.156708,32.2456231
Mutare,24,Mavhiza Primary School,-19.4950221,32.2313537
Mutare,22,Mutsiyabako,-19.4319747,32.6924055
Mutare,12,Shundure Secondary School,-19.2162376,32.4692286
Mutare,16,Zvipiripiri Primary school Ward 16,-19.3962641,32.1659519
Mutare,9,Gwindingwi,-19.2564354,32.1646431
Mutare,33,Mutore,-19.1270942,32.8120529
Mutare,33,Mutore,-19.1270132,32.8114845
Mutare,27,Manzinde,-19.4049629,32.5452718
Mutare,33,Eagles Training Centre,-19.0920548,32.7175377
Mutare,24,Chapeyama Primary school,-19.4383013,32.207076
Mutare,24,Mt Tsatse Secondary School,-19.4434,32.2118162
Mutare,3,Chirasika,-18.9913869,32.4267375
Mutare,25,Pakanwa ECD,-19.4135378,32.4542908
Mutare,14,Murare,-19.2069691,32.6242232
Mutare,21,Mambwere Primary,-19.2848587,32.6325231
Mutare,30,Chipindirwe,-19.5339551,32.3247009
Mutare,7,Mazonwe Secondery,-19.2053369,32.8095181
Mutare,7,St Michael,-19.2687647,32.8342769
Mutare,23,Chigonda Primary School,-19.3744265,32.2994591
Mutare,15,Chitakatira,-19.1498142,32.6824935
Mutare,13,Kamutanho Primary School,-19.209785,32.5385589
Mutare,26,Mabiya Primary School,-19.3609014,32.4830926
Mutare,6,Gombakomba,-19.1072334,32.6630645
Mutare,30,Gandauta,-19.5980532,32.333291
Mutare,19,NDIKUDZE INFANT SCHOOL,-19.3353999,32.4481133
Mutare,7,Kaswa,-19.1866187,32.76418
Mutare,35,Mutukwa Primary school,-19.1109129,32.5236787
Mutare,9,Chirinda,-19.2158565,32.182845
Mutare,22,Ndorwe,-19.2608552,32.7334413
Mutare,9,Musharu,-19.2128837,32.2382828
Mutare,33,Ezekiel Gutu Academy,-19.0800693,32.6183119
Mutare,33,Cracke Valley,-19.0784104,32.8447944
Mutare,12,Ngomasha Primary School,-19.1330037,32.4683453
Mutare,1,Leigh Ranch,-18.8399376,32.3972553
Mutare,22,Manzununu,-19.239261,32.6607514
Mutare,24,Mweyamutsvene High School,-19.4110139,32.3456494
Mutare,14,Rowa,-19.1663818,32.6103873
Mutare,19,GOMOFERU HIGH SCHOOL,-19.3122361,32.3746655
Mutare,6,Mt Dangare,-19.118759,32.646267
Mutare,4,Zhawari,-19.1517101,32.2843754
Mutare,20,Mwadewekunze Primary School,-19.2649699,32.5039682
Mutare,1,Clare Secondary School,-18.8616303,32.2560557
Mutare,13,Chigombwe Primary School,-19.15779,32.564984
Mutare,19,BWIZI PRIMARY,-19.3544691,32.4382244
Mutare,12,Shundure Primary school,-19.2184732,32.4634704
Mutare,12,Device Heritage ECD Centre,-19.2483689,32.482093
Mutare,25,Masvaure Secondary School,-19.3624145,32.3766472
Mutare,3,Transau,-18.9920847,32.4238802
Mutare,5,Matika,-19.046437,32.5090722
Mutare,11,Wendumba Primary school,-19.1502171,32.3889996
Mutare,2,Mahara Infant,-19.0869465,32.1774842
Mutare,2,Zvavanhu Primary School,-19.038717,32.1865601
Mutare,11,Musiringofa Primary School,-19.2022719,32.3718014
Mutare,16,Zvipiripiri Secondary School Ward 16,-19.3973489,32.1594384
Mutare,17,Nharira Primary School,-19.2913337,32.257335
Mutare,11,Free Methodist Secondary School,-19.1593224,32.3765108
Mutare,24,Zvinodini ECD Centre,-19.4301444,32.308981
Mutare,1,Jechera,-18.7925231,32.4757689
Mutare,6,Gombakomba,-19.1067251,32.665506
Mutare,33,Greencroft,-19.1301558,32.7352908
Mutare,16,Nzvenga Primary school Ward 16,-19.2744909,32.2064451
Mutare,7,Msapa,-19.1927297,32.8032288
Mutare,15,Chishakwe,-19.166438,32.669816
Mutare,28,Masasi Primary school,-19.4370153,32.4081735
Mutare,16,Maponde Secondary School Ward 16,-19.3257684,32.2097454
Mutare,34,St Lucy Secondary school,-19.0689569251272,32.2259754764686
Mutare,1,Nyamatsine Prince School,-18.8676259,32.4138714
Mutare,27,Munyoro,-19.3888882,32.5554052
Mutare,26,Nyakunu Primary School,-19.3280187,32.4776767
Mutare,29,Chishingwi Primary,-19.6009004,32.3928307
Mutare,14,Dambakurimwa,-19.2425969,32.6056623
Mutare,1,Nyamajura,-18.8182875,32.4166233
Mutare,33,Bvumba,-19.0459171,32.8096501
Mutare,5,St Elizabeth Bvirindi,-19.0206328,32.5345992
Mutare,24,Mt Dema High School,-19.4570053,32.3097791
Mutare,16,Mafararikwa Secondary school Ward 16,-19.3422055,32.1741458
Mutare,33,St Werburghs,-19.1157009,32.7091502
Mutare,23,Chikuku Primary School,-19.3827658,32.3229424
Mutare,29,Chikara Primary School,-19.5594523,32.4921581
Mutare,8,Mukuni South Sec,-19.2623938,32.113856
Mutare,30,Rombe,-19.6541383,32.3845519
Mutare,25,Mabvengwa Primary School,-19.3752101,32.4549286
Mutare,1,Nyamajura Primary School,-18.8155986,32.4198833
Mutare,18,Munyoro Primary School,-19.2767532,32.3637765
Mutare,34,Nyagundi Secondary,-19.1203558398707,32.3741462252563
Mutare,29,Kusena Primary School,-19.5767214,32.4629051
Mutare,4,Muzondo,-19.1301553,32.2698492
Mutare,4,Chipfatsura,-19.1553394,32.3177598
Mutare,19,CHINDOTI INFANT SCHOOL,-19.3086677,32.3812349
Mutare,19,GUDO INFANT SCHOOL,-19.3273855,32.4008073
Mutare,19,CHISEPE,-19.344301,32.4051096
Mutare,2,Mt Zonwe Secondary School,-19.2010036,32.0812315
Mutare,2,Mt Zonwe Primary School,-19.1971686,32.0691415
Mutare,28,Mahihi E C D Centre,-19.4742983,32.386864
Mutare,14,Mt Gandayi,-19.1857272,32.5713614
Mutare,14,St Theresa,-19.1839708,32.5785568
Mutare,2,Nyamakarati High  School,-19.0999975,32.1279375
Mutare,18,KARIRWI ADVENTIST HIGH,-19.2973333,32.4438276
Mutare,34,Kushinga Mutare Primary school,-19.0645857943278,32.2262551876065
Mutare,2,Nyamakarati Primary School,-19.1017491,32.1314918
Mutare,20,Musabayana Primary,-19.2756104,32.5892157
Mutare,1,Batanai,-18.7519266,32.3673014
Mutare,4,"Chipfatsura  ,Gwirindindi",-19.1591677,32.2799892
Mutare,18,Matanda Primary School,-19.2541026,32.4059687
Mutare,1,Chia wanna Secondary,-18.8505842,32.3437697
Mutare,18,Muchisi Primary School,-19.304613,32.4185288
Mutare,5,Dora High Sch,-19.072257,32.5252138
Mutare,13,Mafuta Ecd  Satelite School,-19.1311993,32.5629607
Mutare,29,Mukwada Secondary School,-19.5151887,32.3530668
Mutare,29,Betera Primary School,-19.5483988,32.36749
Mutare,34,Zvavanhu primary,-19.0385351052514,32.1868637535896
Mutare,1,Clare Primary School,-18.8596789,32.2606333
Mutare,30,Tonhorai,-19.6414975,32.3568453
Mutare,15,Chitakatira,-19.1484292,32.680977
Mutare,1,Chimwanda Primary School,-18.8027252,32.3342988
Mutare,34,Zvavanhu Secondary,-18.9930149416438,32.2008809861994
Mutare,13,Gwesse Primary School,-19.1595099,32.5153206
Mutare,8,Mukuni South Pry,-19.2629934,32.1112875
Mutare,13,Gwese Secondary School,-19.1494714,32.52466
Mutare,15,Chishakwe,-19.1674292,32.6707025
Mutare,8,Chinyamuchese Pry,-19.2901405,32.077664
Mutare,25,Masvaure Primary School,-19.3674464,32.3758903
Mutare,23,Manhu Adventist Primary School,-19.3843104,32.244072
Mutare,28,Daure Primary school,-19.4389769,32.3601152
Mutare,29,Kurauone Primary School,-19.5694145,32.4203487
Mutare,23,Mafunde Primary School,-19.4163961,32.2606191
Mutare,29,Kuraone Secondary School,-19.5665942,32.4168724
Mutare,28,Hute Mukudza Primary School,-19.4506985,32.5105168
Mutare,22,Manzununu,-19.2372384,32.6660637
Mutare,4,Zhawari Satellite,-19.1585365,32.2791746
Mutare,30,Chibiya,-19.6650676,32.2716236
Mutare,29,Chikara A ECD Centre,-19.5292467,32.4460776
Mutare,23,Buwerimwe Secondary School,-19.3888618,32.2646071
Mutare,10,Bemhiwa,-19.2855331,32.3131792
Mutare,28,Mutoonwa Primary School,-19.4403714,32.4390981
Mutare,10,Mt Makomwe,-19.2624973,32.3022871
Mutare,10,Bemhiwa,-19.2838694,32.3153476
Mutare,14,Rowa,-19.1639161,32.610846
Mutare,34,Mhangaurwe primary school,-19.0764847010598,32.2844414755733
Mutare,11,Mushunje High School,-19.1682713,32.4293898
Mutare,34,Chiwere Primary,-19.031601190172,32.2590405061154
Mutare,34,Chiwere secondary,-19.0430387269301,32.2716132144905
Mutare,10,Marange High School,-19.2618487,32.3058963
Mutare,28,Mangatu Primary School,-19.4872969,32.4281205
Mutare,21,Chitora Sec,-19.3231934,32.6234882
Mutare,12,Zarawa Primary school,-19.1930931,32.4903382
Mutare,33,Excelsior Falls,-19.0798823,32.7785691
Mutare,28,Masasi High,-19.4427022,32.4104258
Mutare,6,Gombakomba,-19.1066451,32.661782
Mutare,30,Banda,-19.6021998,32.275062
Mutare,16,Maponde Primary School Ward 16,-19.3270497,32.2148379
Mutare,12,Mwandiambira Primary School,-19.2343822,32.4847998
Mutare,25,Makunika Primary,-19.4036145,32.4235937
Mutare,20,Chinyauhwera High School,-19.2615031,32.5579874
Mutare,29,Mukwada Primary School,-19.5088988,32.3476228
Mutare,10,Zedza,-19.2404764,32.2624404
Mutare,10,Muangirwa,-19.1847959,32.2970172
Mutare,20,Munyarari Primary,-19.2608354,32.560304
Mutare,18,Chibvuwenyu Primary School,-19.2432197,32.3519055
Mutare,10,Holy Ghost,-19.2497206,32.2621361
Mutare,16,Wadyembwa Community ECD,-19.3762065,32.1255652
Mutare,30,Chiwadzwa,-19.6006992,32.3291402
Mutare,16,Nyangani Primary School Ward 16,-19.3339213,32.0948628
Mutare,11,Chegore Adventist Primary school,-19.1711955,32.3308625
Mutare,18,Matanda Secondary School,-19.2437797,32.4005249
Mutare,11,Chegore Secondary school,-19.1761704,32.3288053
Mutare,8,Mukuni North Sec,-19.1680602,32.2070214
Mutare,21,Chitora Primary,-19.3254561,32.6219404
Mutare,9,Gononono,-19.2019434,32.2596639
Mutare,36,Dzobo primary,-19.3017825,32.5527709
Mutare,8,Mukuni North Pry,-19.1625298,32.2049338
Mutare,18,Karirwi Primary School,-19.3011837,32.4453556
Mutare,22,Gutaurare,-19.3600886,32.6177487
Mutare,2,Singwizi  Park,-19.147609,32.0829382
Mutare,25,Mapiki Irimai ECD,-19.409573,32.3804177
Mutare,36,Mururu Deremwe Secondary School,-19.2959463,32.5025138
Mutare,30,Mt Mateedzi,-19.5369721,32.2723414
Mutare,16,Mafararikwa Primary School Ward 16,-19.3150051,32.1572867
Mutare,25,St John`s Mabvengwa Secondary school,-19.3731668,32.4559825
Mutare,9,Chirinda,-19.2236525,32.1848568
Mutare,30,Gonora,-19.5321525,32.2713705
Mutare,36,Derembwe Primary School,-19.2961579,32.4988782
Mutare,35,Mhandambiri Primary School,-19.0832295,32.5298855
Mutare,17,Chikwariro Primary School,-19.3331864,32.2929015
Mutare,19,MUTIMBA PRIMARY SCHOOL,-19.3209026,32.3817831
Mutare,34,Hamamaoko primsry,-19.1107444375655,32.426972617587
Mutare,24,St Andrew`s Primary School,-19.4129349,32.3422268
Mutare,19,MUREHWA PRIMARY SCHOOL,-19.344055,32.3575068
Mutare,17,Marewo Primary school,-19.3287689,32.2409658
Mutare,24,Mutsago Primary School,-19.4568866,32.3048113
Mutare,8,Zumbare,-19.2172575,32.1422572
Mutare,35,Kuhudzai Primary School,-19.0561856,32.5654127
Mutare,9,"Gonon,ono",-19.2003644,32.2572409
Mutare,17,Nharira Secondary School,-19.2941353,32.2513097
Mutare,8,Mukuni Sec School,-19.2145345,32.1448135
Mutare,33,St Werburghs,-19.1198615,32.7096231
Mutare,8,Mukuni Sec Sc,-19.2152502,32.1436614
Mutare,17,Chikwariro Secondary school,-19.3307617,32.2953449
Mutare,34,Nyagundi Primary,-19.1126818276114,32.3739114520257
Mutare,27,Muromo,-19.3779679,32.5464172
Mutasa,30,Hamudikuwanda  A,-18.434636,32.9167541
Mutasa,5,Loretto Primary School,-18.4871825,32.929982
Mutasa,7,Manunure,-18.5711582,32.7120878
Mutasa,15,Bethania,-18.6032412,32.5407405
Mutasa,3,Nyamhingura,-18.3701065,32.9537532
Mutasa,15,Kadzere,-18.5655397,32.5386977
Mutasa,10,Samaringa  Sec,-18.6132439,32.7740266
Mutasa,19,Muponda,-18.6507108,32.7334645
Mutasa,12,Knowstics Junior,-18.4358143,32.5951316
Mutasa,6,New Heights,-18.5182145,32.8193743
Mutasa,1,"Nyamhunga Pre, center",-18.3655459,32.9685947
Mutasa,6,Bethel,-18.5245483,32.8162943
Mutasa,1,Chisuko,-18.3886727,33.0070185
Mutasa,10,St  Peter  Primary,-18.6110049,32.7290238
Mutasa,30,Hamudikuwanda B,-18.4401367,32.9574725
Mutasa,7,Chipupuri ECD Centre,-18.5446772,32.7700998
Mutasa,13,St Ignatius Magazine,-18.5317146,32.5006681
Mutasa,5,Masimike,-18.4690865,32.8962326
Mutasa,11,Guiding Star,-18.5891325,32.6671256
Mutasa,17,Vumbunu Govhingo Center,-18.6915849,32.5858794
Mutasa,13,Angeline  Preschool,-18.4449199,32.4958181
Mutasa,16,Mt Jenya Secondary,-18.7462108,32.5035872
Mutasa,6,Gatsi,-18.5195392,32.8165819
Mutasa,10,St  Peter  Secondary,-18.5991855,32.7308609
Mutasa,4,Makwara,-18.4468567,32.9875516
Mutasa,8,Sahumani,-18.5679504,32.8128975
Mutasa,22,Beaulieu,-18.9052993,32.6321959
Mutasa,29,Katiyo Sacred Heart Primary  School,-18.3617882,33.0391315
Mutasa,15,Bethania,-18.6013234,32.541215
Mutasa,26,Arise And Shine,-18.8548381,32.6635862
Mutasa,3,Zindi,-18.3802896,32.9319828
Mutasa,20,Mutasa,-18.7242141,32.6349767
Mutasa,13,St Barbara`s Secondary school,-18.4626255,32.4969475
Mutasa,6,St Columbas High,-18.5055405,32.8616752
Mutasa,31,Ruda,-18.4797763,32.8596026
Mutasa,19,Jombe B,-18.6290838,32.7046347
Mutasa,7,Munyuku,-18.5669382,32.7287402
Mutasa,30,Pimai,-18.4080244,32.9300819
Mutasa,19,Domborutinhira,-18.6903886,32.7083293
Mutasa,15,Zinyembe,-18.6158078,32.611701
Mutasa,16,Bvumba Murowe Primary,-18.6866859,32.4898337
Mutasa,19,Mwoyoweshumba,-18.6671152,32.6690371
Mutasa,14,Haparari,-18.6036865,32.4620416
Mutasa,11,Pafiwa Sarupinda,-18.5793632,32.6418935
Mutasa,16,MMt Jenya,-18.7467695,32.5028247
Mutasa,3,Rutsate,-18.3913117,32.9374129
Mutasa,13,St Barbara`s Primary,-18.5011296,32.4740135
Mutasa,7,Kwambana,-18.5682769,32.7442276
Mutasa,12,Bonda,-18.4495244,32.5995172
Mutasa,31,Nyatsanza,-18.4920134,32.8392212
Mutasa,6,St Columbas,-18.5061459,32.8625735
Mutasa,1,Top Cass Ecd Center,-18.3057668,33.0001836
Mutasa,15,Njerama,-18.6589131,32.5616052
Mutasa,11,Pafiwa,-18.5900629,32.6559373
Mutasa,30,Tiny Touts,-18.391785,32.9499812
Mutasa,31,Pass At Once College,-18.4976013,32.8574196
Mutasa,11,Nevengo,-18.5558031,32.6404928
Mutasa,11,Kindergarten,-18.551968,32.6481721
Mutasa,6,Treetop Centre,-18.524041,32.8185936
Mutasa,26,Little St Augustines,-18.8579147,32.6513919
Mutasa,26,Little St Augustines,-18.8578868,32.6513839
Mutasa,6,Sunrise Day Care Center,-18.5180908,32.8323026
Mutasa,17,Vumbunu Secondary,-18.7080782,32.5678703
Mutasa,11,Pink Junior School,-18.5479972,32.6509341
Mutasa,12,St David Bonda Girls High,-18.4490927,32.5961516
Mutasa,12,Knowstics Boys and Day College,-18.4666441,32.6025006
Mutasa,12,Chirarwe Secondary,-18.5379513,32.6060339
Mutasa,12,Knowstics Girls,-18.4357703,32.5989121
Mutasa,12,Fatima Primary,-18.4519714,32.5506367
Mutasa,11,Eden Roses,-18.5533033,32.6454861
Mutasa,12,Sadziwa,-18.4924789,32.5594201
Mutasa,11,Kukwanisa Vocational Training Centre,-18.606502,32.6517447
Mutasa,26,Muchena,-18.8295446,32.6746266
Mutasa,13,Triashill Secondary School,-18.4325356,32.4610745
Mutasa,17,St Mathias Tsonzo Primary,-18.6591072,32.6202424
Mutasa,5,Showering Favours Academy,-18.4763116,32.932172
Mutasa,26,St Augustines High,-18.8594237,32.6535064
Mutasa,9,Rupinda,-18.6348513,32.8509237
Mutasa,10,Samaringa Primary,-18.6150929,32.77399
Mutasa,1,Vivid Academy,-18.3159331,33.0040857
Mutasa,30,Muterere,-18.4076242,32.9699935
Mutasa,1,Wings  Of Joy  Pre School,-18.3250538,33.0032648
Mutasa,7,Gatsi,-18.5468185,32.7919199
Mutasa,17,Kacheche,-18.6420901,32.6214288
Mutasa,7,Potter`s House Pre-school,-18.5466546,32.7884311
Mutasa,1,Sagambe  High School,-18.3071692,33.001216
Mutasa,1,Chisuko Primary,-18.3913927,33.0037131
Mutasa,1,Chikomba,-18.3596432,32.9984004
Mutasa,9,Rupinda,-18.633145,32.8488117
Mutasa,1,Sagambe Primay,-18.3040089,33.001463
Mutasa,17,St Mathias Tsonzo High,-18.6570532,32.6190262
Mutasa,9,Kosten,-18.650372,32.8397467
Mutasa,5,Nyamusamba Primary,-18.4381664,32.836388
Mutasa,12,Chirarwe Primary,-18.5468919,32.6012083
Mutasa,17,Vumbunu,-18.709899,32.5686965
Mutasa,9,Nyamaende,-18.5861226,32.8863055
Mutasa,15,Mapfekera,-18.6024417,32.561836
Mutasa,28,Chavhanga,-18.2386941,32.9943799
Mutasa,4,St Peter`s,-18.4563318,32.9386732
Mutasa,13,Triashill Primary School,-18.4319872,32.4600788
Mutasa,4,St Peter`s,-18.4565324,32.9410276
Mutasa,28,St Stephen Pachije,-18.2673295,32.9898704
Mutasa,31,Kuyedza,-18.4925694,32.8614365
Mutasa,26,Muchena,-18.8157549,32.6814538
Mutasa,5,Christian College,-18.4371606,32.8944871
Mutasa,30,Muterere,-18.4181592,32.9621955
Mutasa,9,Makwasa,-18.5431599,32.8678177
Mutasa,5,Buwu Primary School,-18.4661948,32.847119
Mutasa,11,Pafiwa,-18.5890868,32.6510252
Mutasa,5,Muparutsa Secondary School,-18.4580302,32.87408
Mutasa,5,Excell  College,-18.4342288,32.8969651
Mutasa,30,Pimai Christian Care Centre,-18.3935947,32.9486794
Mutasa,3,Samutete,-18.4049585,32.8813567
Mutasa,16,Chikumbu Secondary,-18.6738819,32.4900301
Mutasa,26,St Georges Muchena,-18.8295072,32.6746256
Mutasa,14,Zambe,-18.6343704,32.488538
Mutasa,14,Zambe,-18.627046,32.4920002
Mutasa,31,Eden Rose Independent  College,-18.4922134,32.8447607
Mutasa,14,Sherukuru,-18.641212,32.5295765
Mutasa,9,Ngarura,-18.5775231,32.8604489
Mutasa,19,Domborutinhira,-18.6797408,32.7060678
Mutasa,23,Saungweme Envant,-18.8567473,32.6107739
Mutasa,3,Nyamhingura,-18.3901982,32.9136906
Mutasa,12,St Robert Mbaza,-18.4897658,32.5460333
Mutasa,23,Premier,-18.9039311,32.5386225
Mutasa,16,Chikumbu Primary,-18.6691735,32.4901441
Mutasa,12,Mbaza St Robert,-18.4897967,32.5440668
Mutasa,28,Chavhanga,-18.2382748,32.9959236
Mutasa,18,Nyakatsapa High School,,
Mutasa,9,Ngarura,-18.5903051,32.8501126
Mutasa,23,Chiremba,-18.8754587,32.5471652
Mutasa,18,Nyakatsapa Primary,-18.7181182,32.65251
Mutasa,23,Hartzel,-18.8866589,32.583538
Mutasa,27,Nyamukwarara,-18.6910406,32.9267441
Mutasa,31,Little Caderts,-18.4929935,32.8438354
Mutasa,5,Muparutsa Primary,-18.455985,32.8825148
Mutasa,19,Mwoyoweshumba,-18.6546234,32.666572
Mutasa,11,ECD Makomva,-18.5690525,32.676841
Mutasa,7,Chitombo,-18.5478138,32.7890762
Mutasa,23,Hartzel  Primary,-18.8877355,32.583364
Mutasa,7,Samanga,-18.5258725,32.7479993
Mutasa,7,Samanga,-18.5259338,32.7480485
Mutasa,1,Inyati Mine School,,
Mutasa,14,Sherukuru,-18.6424294,32.5320796
Mutasa,22,Imbeza,-18.9064933,32.7073067
Nyanga,27,Nyanzou Primary School,-18.3966566,32.5116867
Nyanga,27,Nyanzou PRIMARY SCHOOL,-18.3965967,32.5116351
Nyanga,17,Nyatate Secondary school,-18.0038849,32.6579976
Nyanga,24,Sadomba,-18.2772752,32.6029355
Nyanga,8,Tsvito Primary,-17.8545947,32.6040475
Nyanga,11,Dandadzi,-17.8125093,32.9558587
Nyanga,24,Gambe  Sanyatwe  Secondary,-18.3779736,32.5328481
Nyanga,23,Nyarumvurwe,-18.2204626,32.6440748
Nyanga,12,Bumhira High School,-17.8711316,32.9502422
Nyanga,8,Nyautare Primary,-17.8297391,32.6708954
Nyanga,3,Mukunza,-17.4774638,32.8907894
Nyanga,23,Nyanhundu,-18.3329746,32.5226125
Nyanga,9,St Agathar Madziwa Primary School,-17.8132319,32.772748
Nyanga,18,Tamnesa,-18.0673436,32.6245644
Nyanga,18,Magarati School,-18.1036554,32.5962561
Nyanga,6,Chapatarongo Primary School,-17.6457543,32.8812854
Nyanga,22,Zuvarabuda,-18.1962298,32.738715
Nyanga,8,ST Monica`s Nyautare High School,-17.8364606,32.6481387
Nyanga,15,Bende Primary School,-17.9783719,32.8195888
Nyanga,1,Fombe,-17.3297852,32.9753209
Nyanga,5,Chiwarira,-17.661978,32.969472
Nyanga,12,Bumhira Primary,-17.8592177,32.9147583
Nyanga,7,Nyamutowera Primary School,-17.7370078,32.5716139
Nyanga,5,Sachiwo,-17.6305819,32.9238032
Nyanga,23,Dombo,-18.3332911,32.4343801
Nyanga,18,Mapako Government  High,-18.0616885,32.6009277
Nyanga,23,Nyarukowa,-18.2774754,32.54625
Nyanga,30,Shiri Early Childhood Development,-17.9252237,32.688639
Nyanga,8,Nyautare Primary,-17.8296588,32.670858
Nyanga,21,Dazi Primary,-18.1685353,32.8920124
Nyanga,13,Regina Coeli Primary School,-17.8691008,32.8840247
Nyanga,26,Sakarombe Orimary,-18.3721388,32.703902
Nyanga,21,Magadzire Primary School,-18.1920925,32.9650532
Nyanga,8,Tsvito Primary,-17.854632,32.6039411
Nyanga,26,Selborne Primary,-18.5269249,32.6773789
Nyanga,19,Sedze Primary School,-18.1501802,32.7399134
Nyanga,22,Manjoro,-18.2061194,32.701428
Nyanga,8,Samatinha  Holy Cross Primary,-17.8165741,32.571971
Nyanga,21,Tsatse Primary School,-18.1374091,32.9616979
Nyanga,9,Dambakupetwa Primary School,-17.7103419,32.8278822
Nyanga,18,"Mapako (St Deny""s) Primary",-18.0679265,32.5983164
Nyanga,7,Mazarura Primary School,-17.7219534,32.6426027
Nyanga,8,ST Monica`s  Nyautare  Primary,-17.8536435,32.6648572
Nyanga,17,Nyatate Primary School,-18.0095127,32.6577986
Nyanga,12,Sanyamaropa Primary,-17.8847259,32.9487479
Nyanga,5,Kaitano ECD,-17.5769892,32.9740142
Nyanga,19,Nyajezi Primary School,-18.1157271,32.7383746
Nyanga,2,Renzva Primary School,-17.4927309,32.7063173
Nyanga,23,Nyarukowa,-18.2764846,32.5540952
Nyanga,19,Nyajezi High School,-18.111388,32.7250461
Nyanga,3,Kazozo,-17.5239167,32.8514266
Nyanga,9,Munga River Adventist Secondary School,-17.7048477,32.8342409
Nyanga,25,Nyamombe Secondary School,-18.3161849,32.6894609
Nyanga,30,Mt Melleray Primary School,-17.971413,32.7302569
Nyanga,21,Gairezi Pramiry Shool,-18.1277473,32.8865687
Nyanga,2,Mangezi Primary,-17.5353996,32.8080493
Nyanga,19,St Noah 2 Primary School,-18.0638049,32.7130536
Nyanga,19,Nyapfuti Chreche,-18.1354105,32.734972
Nyanga,9,Kambudzi  Secondary School,-17.7872558,32.8574654
Nyanga,5,Chiwarira ECD,-17.6621028,32.9695441
Nyanga,30,Mt Mellary Early Childhood Development,-17.9711744,32.7312634
Nyanga,27,Raudzi Primary School,-18.3858318,32.5850485
Nyanga,27,Raudzi Primary School,-18.3858542,32.5850521
Nyanga,9,Nyatsanga Primary School,-17.7381212,32.7930343
Nyanga,15,Bende ECD School,-17.9782231,32.8196371
Nyanga,1,Fombe,-17.3317836,32.979261
Nyanga,7,Mazarura Secondary School,-17.7243803,32.6431278
Nyanga,30,Nyanga High School Marist Brothers,-17.9661463,32.7384437
Nyanga,18,Saunyama,-18.0048739,32.6003292
Nyanga,18,Saunyama,-18.0046993,32.6004458
Nyanga,30,Ruregerero Pre School,-18.0504027,32.7329234
Nyanga,2,Avila Primary School,-17.4690698,32.7788663
Nyanga,2,Avila Secondary School,-17.4700523,32.7773773
Nyanga,8,Samatinha  Holy Cross Primary,-17.8166752,32.5720093
Nyanga,8,Samatinha  Secondary School,-17.8186529,32.575612
Nyanga,30,Shiri Primary School,-17.9253412,32.6888048
Nyanga,3,Mukunza,-17.4774213,32.8906868
Nyanga,15,Crossdale Primary,,
Nyanga,30,St Marys Magdalene High School,-17.9697132,32.70592
Nyanga,15,Crossdale Primary Ecd,,
Nyanga,22,Nyangani High,-18.1965869,32.7375074
Nyanga,21,Ngurunda Primary,-18.0665773,32.9421238
Nyanga,8,ST Monica`s  Nyautare Primary,-17.8538434,32.6646864
Nyanga,3,Katerere,-17.5699528,32.9069895
Nyanga,3,Kazozo,-17.523826,32.8514063
Nyanga,3,Katerere,-17.5700605,32.9067832
Nyanga,17,Maereka Primary School,-18.0408436,32.6758147
Nyanga,15,Tombo Primary School,-18.0136448,32.8827256
Nyanga,26,Mutarazi  Junior,-18.45795,32.7532688
Nyanga,2,Chifambe Primary School,-17.5189558,32.7656605
Nyanga,18,Tamunesa,-18.0672977,32.6243893
Nyanga,21,Nyafara Secondary School,-18.1897851,32.9323954
Nyanga,21,Nyafari Primary School,-18.1941261,32.929036
Nyanga,15,Tombo Primary ECD,-18.0135387,32.8827104
Nyanga,1,Chimusasa,-17.4037605,32.9986827
Nyanga,21,Gairezi Secondary School,-18.1013093,32.9516813
Nyanga,6,Nyamahumba Primary School,-17.6645535,32.8198872
Nyanga,15,Crossdale High School,-18.0237228,32.8852347
Nyanga,11,Chatindo Secondary School,-17.7741822,32.989225
Nyanga,11,Chatindo Primary School,-17.7785911,32.9870971
Nyanga,10,Sabvure Primary School,-17.7093344,32.9614908
Nyanga,9,Kagore Primary School,-17.8273878,32.8652382
Nyanga,5,Chapatarongo,-17.6313287,32.9360567
Nyanga,5,Kaitano,-17.5771675,32.9739817
Nyanga,17,Chidazuru Primary School,-17.9695099,32.6448073
Nyanga,3,Kazozo,-17.5216882,32.8500577
Nyanga,9,Kambudzi Primary School,-17.7595821,32.8767475
Nyanga,22,Nyatondo Primary School,-18.1760301,32.7072532
Nyanga,4,Mbiriyadi Primary School,-17.5743522,32.8189463
Nyanga,14,Kute High School,-17.9430753,32.8968242
Nyanga,18,Magarati Primary,-18.1036722,32.5962215
Nyanga,14,Kute St PETERS Primary School,-17.9447139,32.8931454
Nyanga,13,Regina ECD Primary School,,
Nyanga,1,Kodzaimambo,-17.3309529,32.9326027
Nyanga,14,Kute St PETERS Infant School,-17.9447261,32.8931299
Nyanga,18,"Mapako (St Deny""s) Primary School",-18.0679693,32.5982495
Nyanga,30,Tendanayi Early Childhood Development,-18.0029133,32.7059847
Nyanga,17,Nyabeze Primary School,-17.955984,32.6535546
Nyanga,16,Mgambaprimary,,
Nyanga,15,Bende Secondary,-17.982293,32.822871
Nyanga,30,Tendanayi Primary School,-18.0021476,32.7052506
Nyanga,4,Nyamudeza  Primary,-17.6137676,32.8244844
Nyanga,23,Nyarumvurwe Secondary,-18.2191156,32.6436248
